{
	"info": {
		"_postman_id": "bd092eb9-a968-4b5b-9799-ee5c6569acc4",
		"name": "api_dashboard",
		"schema": "https://schema.getpostman.com/json/collection/v2.1.0/collection.json"
	},
	"item": [
		{
			"name": "localhost:5001/api/v1/auth/signup",
			"request": {
				"method": "POST",
				"header": [
					{
						"key": "Accept-Language",
						"value": "en",
						"type": "default"
					},
					{
						"key": "api-key",
						"value": "Dashboard",
						"type": "default"
					}
				],
				"body": {
					"mode": "raw",
					"raw": "{\n    \"name\":\"chintan\",\n    \"email\":\"cs@gmail.com\",\n    \"password\":\"chintan1122\",\n    \"phone_no\":\"8523696565\",\n    \"role\":\"user\",\n    \"profile_image\":\"abc\"\n\n\n}"
				},
				"url": {
					"raw": "localhost:5001/api/v1/auth/signup",
					"host": [
						"localhost"
					],
					"port": "5001",
					"path": [
						"api",
						"v1",
						"auth",
						"signup"
					]
				}
			},
			"response": []
		},
		{
			"name": "localhost:5001/api/v1/auth/login",
			"request": {
				"method": "POST",
				"header": [
					{
						"key": "Accept-Language",
						"value": "en",
						"type": "text"
					},
					{
						"key": "api-key",
						"value": "Dashboard",
						"type": "text"
					}
				],
				"body": {
					"mode": "raw",
					"raw": "{\n    \"email\":\"as@gmail.com\",\n    \"password\":\"Anand@1235\"\n}"
				},
				"url": {
					"raw": "localhost:5001/api/v1/auth/login",
					"host": [
						"localhost"
					],
					"port": "5001",
					"path": [
						"api",
						"v1",
						"auth",
						"login"
					]
				}
			},
			"response": []
		},
		{
			"name": "localhost:5001/api/v1/auth/logout",
			"request": {
				"method": "POST",
				"header": [
					{
						"key": "Accept-Language",
						"value": "en",
						"type": "text"
					},
					{
						"key": "api-key",
						"value": "Dashboard",
						"type": "text"
					},
					{
						"key": "token",
						"value": "y5lan46cvuhm2gujkz0wh41v0pmze7i2pofdhj5lvbedjtg209qhnnpfctg3yhv7",
						"type": "default"
					}
				],
				"body": {
					"mode": "raw",
					"raw": ""
				},
				"url": {
					"raw": "localhost:5001/api/v1/auth/logout",
					"host": [
						"localhost"
					],
					"port": "5001",
					"path": [
						"api",
						"v1",
						"auth",
						"logout"
					]
				}
			},
			"response": []
		},
		{
			"name": "localhost:5001/api/v1/auth/editUser",
			"request": {
				"method": "POST",
				"header": [],
				"url": {
					"raw": "localhost:5001/api/v1/auth/editUser",
					"host": [
						"localhost"
					],
					"port": "5001",
					"path": [
						"api",
						"v1",
						"auth",
						"editUser"
					]
				}
			},
			"response": []
		},
		{
			"name": "localhost:5001/api/v1/auth/deleteUser",
			"request": {
				"method": "POST",
				"header": [
					{
						"key": "Accept-Language",
						"value": "en",
						"type": "text"
					},
					{
						"key": "api-key",
						"value": "Dashboard",
						"type": "text"
					},
					{
						"key": "token",
						"value": "yw1vvw21mw680v27z8dzh1z2sol41xext4w7de2dvqfz7xmwc08pgm9y4zyl4sui",
						"type": "default"
					}
				],
				"body": {
					"mode": "raw",
					"raw": "{\"id\":\"3\"}"
				},
				"url": {
					"raw": "localhost:5001/api/v1/auth/deleteuser",
					"host": [
						"localhost"
					],
					"port": "5001",
					"path": [
						"api",
						"v1",
						"auth",
						"deleteuser"
					]
				}
			},
			"response": []
		},
		{
			"name": "localhost:5001/api/v1/auth/getsingleuser",
			"request": {
				"method": "GET",
				"header": [],
				"url": {
					"raw": "localhost:5001/api/v1/auth/getsingleuser",
					"host": [
						"localhost"
					],
					"port": "5001",
					"path": [
						"api",
						"v1",
						"auth",
						"getsingleuser"
					]
				}
			},
			"response": []
		},
		{
			"name": "localhost:5001/api/v1/auth/changePassword",
			"request": {
				"method": "POST",
				"header": [
					{
						"key": "Accept-Language",
						"value": "en",
						"type": "text"
					},
					{
						"key": "api-key",
						"value": "Dashboard",
						"type": "text"
					},
					{
						"key": "token",
						"value": "nbtuoo1o2bu67u7cqvgh7xdoo16vicmws5as2q1jt3jhgv8ngzig4bytbkmcszk5",
						"type": "default"
					}
				],
				"body": {
					"mode": "raw",
					"raw": "{\n    \"old_password\":\"Anand@1235\",\n    \"new_password\":\"Anand@1022\"\n}",
					"options": {
						"raw": {
							"language": "json"
						}
					}
				},
				"url": {
					"raw": "localhost:5001/api/v1/auth/changePassword",
					"host": [
						"localhost"
					],
					"port": "5001",
					"path": [
						"api",
						"v1",
						"auth",
						"changePassword"
					]
				}
			},
			"response": []
		},
		{
			"name": "localhost:5001/api/v1/auth/getuserdetails",
			"request": {
				"method": "GET",
				"header": [
					{
						"key": "token",
						"value": "0q0mxi6q975tsgzkd1c9200uor6umpuhg6jw7qpy8efpr53u11tal0h5wvt96q1f",
						"type": "default"
					},
					{
						"key": "api-key",
						"value": "Dashboard",
						"type": "default"
					}
				],
				"url": {
					"raw": "localhost:5001/api/v1/auth/getuserdetails",
					"host": [
						"localhost"
					],
					"port": "5001",
					"path": [
						"api",
						"v1",
						"auth",
						"getuserdetails"
					]
				}
			},
			"response": []
		}
	]
}